Country,Year,Value
Afghanistan,2010,29185507
Afghanistan,2011,30117413
Afghanistan,2012,31161376
Afghanistan,2013,32269589
Afghanistan,2014,33370794
Afghanistan,2015,34413603
Afghanistan,2016,35383128
Afghanistan,2017,36296400
Afghanistan,2018,37172386
Albania,2010,2913021
Albania,2011,2905195
Albania,2012,2900401
Albania,2013,2895092
Albania,2014,2889104
Albania,2015,2880703
Albania,2016,2876101
Albania,2017,2873457
Albania,2018,2866376
Algeria,2010,35977455
Algeria,2011,36661444
Algeria,2012,37383887
Algeria,2013,38140132
Algeria,2014,38923687
Algeria,2015,39728025
Algeria,2016,40551404
Algeria,2017,41389198
Algeria,2018,42228429
American Samoa,2010,56079
American Samoa,2011,55759
American Samoa,2012,55667
American Samoa,2013,55713
American Samoa,2014,55791
American Samoa,2015,55812
American Samoa,2016,55741
American Samoa,2017,55620
American Samoa,2018,55465
Andorra,2010,84449
Andorra,2011,83747
Andorra,2012,82427
Andorra,2013,80774
Andorra,2014,79213
Andorra,2015,78011
Andorra,2016,77297
Andorra,2017,77001
Andorra,2018,77006
Angola,2010,23356246
Angola,2011,24220661
Angola,2012,25107931
Angola,2013,26015780
Angola,2014,26941779
Angola,2015,27884381
Angola,2016,28842484
Angola,2017,29816748
Angola,2018,30809762
Antigua and Barbuda,2010,88028
Antigua and Barbuda,2011,89253
Antigua and Barbuda,2012,90409
Antigua and Barbuda,2013,91516
Antigua and Barbuda,2014,92562
Antigua and Barbuda,2015,93566
Antigua and Barbuda,2016,94527
Antigua and Barbuda,2017,95426
Antigua and Barbuda,2018,96286
Argentina,2010,40788453
Argentina,2011,41261490
Argentina,2012,41733271
Argentina,2013,42202935
Argentina,2014,42669500
Argentina,2015,43131966
Argentina,2016,43590368
Argentina,2017,44044811
Argentina,2018,44494502
Armenia,2010,2877319
Armenia,2011,2876538
Armenia,2012,2884229
Armenia,2013,2897584
Armenia,2014,2912403
Armenia,2015,2925553
Armenia,2016,2936146
Armenia,2017,2944809
Armenia,2018,2951776
Aruba,2010,101669
Aruba,2011,102046
Aruba,2012,102560
Aruba,2013,103159
Aruba,2014,103774
Aruba,2015,104341
Aruba,2016,104872
Aruba,2017,105366
Aruba,2018,105845
Australia,2010,22031750
Australia,2011,22340024
Australia,2012,22733465
Australia,2013,23128129
Australia,2014,23475686
Australia,2015,23815995
Australia,2016,24190907
Australia,2017,24601860
Australia,2018,24982688
Austria,2010,8363404
Austria,2011,8391643
Austria,2012,8429991
Austria,2013,8479823
Austria,2014,8546356
Austria,2015,8642699
Austria,2016,8736668
Austria,2017,8797566
Austria,2018,8840521
Azerbaijan,2010,9054332
Azerbaijan,2011,9173082
Azerbaijan,2012,9295784
Azerbaijan,2013,9416801
Azerbaijan,2014,9535079
Azerbaijan,2015,9649341
Azerbaijan,2016,9757812
Azerbaijan,2017,9854033
Azerbaijan,2018,9939800
"Bahamas, The",2010,354942
"Bahamas, The",2011,359577
"Bahamas, The",2012,363584
"Bahamas, The",2013,367168
"Bahamas, The",2014,370633
"Bahamas, The",2015,374206
"Bahamas, The",2016,377931
"Bahamas, The",2017,381761
"Bahamas, The",2018,385640
Bahrain,2010,1240860
Bahrain,2011,1278151
Bahrain,2012,1299943
Bahrain,2013,1315029
Bahrain,2014,1336075
Bahrain,2015,1371851
Bahrain,2016,1425791
Bahrain,2017,1494074
Bahrain,2018,1569439
Bangladesh,2010,147575430
Bangladesh,2011,149273778
Bangladesh,2012,151007807
Bangladesh,2013,152764676
Bangladesh,2014,154520167
Bangladesh,2015,156256276
Bangladesh,2016,157970840
Bangladesh,2017,159670593
Bangladesh,2018,161356039
Barbados,2010,282131
Barbados,2011,282987
Barbados,2012,283700
Barbados,2013,284296
Barbados,2014,284825
Barbados,2015,285324
Barbados,2016,285796
Barbados,2017,286233
Barbados,2018,286641
Belarus,2010,9490583
Belarus,2011,9473172
Belarus,2012,9464495
Belarus,2013,9465997
Belarus,2014,9474511
Belarus,2015,9489616
Belarus,2016,9501534
Belarus,2017,9498264
Belarus,2018,9483499
Belgium,2010,10895586
Belgium,2011,11038264
Belgium,2012,11106932
Belgium,2013,11159407
Belgium,2014,11209057
Belgium,2015,11274196
Belgium,2016,11331422
Belgium,2017,11375158
Belgium,2018,11433256
Belize,2010,322464
Belize,2011,330237
Belize,2012,338000
Belize,2013,345715
Belize,2014,353366
Belize,2015,360933
Belize,2016,368400
Belize,2017,375769
Belize,2018,383071
Benin,2010,9199259
Benin,2011,9460830
Benin,2012,9729248
Benin,2013,10004588
Benin,2014,10286842
Benin,2015,10575952
Benin,2016,10872067
Benin,2017,11175204
Benin,2018,11485048
Bermuda,2010,65124
Bermuda,2011,64564
Bermuda,2012,64798
Bermuda,2013,65001
Bermuda,2014,65139
Bermuda,2015,65239
Bermuda,2016,64555
Bermuda,2017,63874
Bermuda,2018,63973
Bhutan,2010,685503
Bhutan,2011,693298
Bhutan,2012,701583
Bhutan,2013,710238
Bhutan,2014,719056
Bhutan,2015,727876
Bhutan,2016,736709
Bhutan,2017,745568
Bhutan,2018,754394
Bolivia,2010,10048590
Bolivia,2011,10212954
Bolivia,2012,10377676
Bolivia,2013,10542376
Bolivia,2014,10706517
Bolivia,2015,10869730
Bolivia,2016,11031813
Bolivia,2017,11192854
Bolivia,2018,11353142
Bosnia and Herzegovina,2010,3705472
Bosnia and Herzegovina,2011,3661175
Bosnia and Herzegovina,2012,3604972
Bosnia and Herzegovina,2013,3542605
Bosnia and Herzegovina,2014,3482104
Bosnia and Herzegovina,2015,3429361
Bosnia and Herzegovina,2016,3386267
Bosnia and Herzegovina,2017,3351527
Bosnia and Herzegovina,2018,3323929
Botswana,2010,1987105
Botswana,2011,2015402
Botswana,2012,2039551
Botswana,2013,2062536
Botswana,2014,2088614
Botswana,2015,2120716
Botswana,2016,2159944
Botswana,2017,2205128
Botswana,2018,2254126
Brazil,2010,195713635
Brazil,2011,197514534
Brazil,2012,199287296
Brazil,2013,201035903
Brazil,2014,202763735
Brazil,2015,204471769
Brazil,2016,206163058
Brazil,2017,207833831
Brazil,2018,209469333
British Virgin Islands,2010,27794
British Virgin Islands,2011,28319
British Virgin Islands,2012,28650
British Virgin Islands,2013,28847
British Virgin Islands,2014,28989
British Virgin Islands,2015,29152
British Virgin Islands,2016,29355
British Virgin Islands,2017,29577
British Virgin Islands,2018,29802
Brunei Darussalam,2010,388646
Brunei Darussalam,2011,393688
Brunei Darussalam,2012,398989
Brunei Darussalam,2013,404421
Brunei Darussalam,2014,409769
Brunei Darussalam,2015,414907
Brunei Darussalam,2016,419800
Brunei Darussalam,2017,424473
Brunei Darussalam,2018,428962
Bulgaria,2010,7395599
Bulgaria,2011,7348328
Bulgaria,2012,7305888
Bulgaria,2013,7265115
Bulgaria,2014,7223938
Bulgaria,2015,7177991
Bulgaria,2016,7127822
Bulgaria,2017,7075947
Bulgaria,2018,7025037
Burkina Faso,2010,15605217
Burkina Faso,2011,16081911
Burkina Faso,2012,16571246
Burkina Faso,2013,17072775
Burkina Faso,2014,17586017
Burkina Faso,2015,18110624
Burkina Faso,2016,18646378
Burkina Faso,2017,19193284
Burkina Faso,2018,19751535
Burundi,2010,8675602
Burundi,2011,8958406
Burundi,2012,9245988
Burundi,2013,9540289
Burundi,2014,9844297
Burundi,2015,10160030
Burundi,2016,10487998
Burundi,2017,10827024
Burundi,2018,11175378
Cabo Verde,2010,492654
Cabo Verde,2011,498856
Cabo Verde,2012,505235
Cabo Verde,2013,511748
Cabo Verde,2014,518269
Cabo Verde,2015,524743
Cabo Verde,2016,531146
Cabo Verde,2017,537497
Cabo Verde,2018,543767
Cambodia,2010,14312212
Cambodia,2011,14541423
Cambodia,2012,14780454
Cambodia,2013,15026332
Cambodia,2014,15274503
Cambodia,2015,15521436
Cambodia,2016,15766293
Cambodia,2017,16009414
Cambodia,2018,16249798
Cameroon,2010,20341241
Cameroon,2011,20906388
Cameroon,2012,21485266
Cameroon,2013,22077298
Cameroon,2014,22681858
Cameroon,2015,23298368
Cameroon,2016,23926539
Cameroon,2017,24566045
Cameroon,2018,25216237
Canada,2010,34004889
Canada,2011,34339328
Canada,2012,34714222
Canada,2013,35082954
Canada,2014,35437435
Canada,2015,35702908
Canada,2016,36109487
Canada,2017,36543321
Canada,2018,37057765
Cayman Islands,2010,56672
Cayman Islands,2011,57878
Cayman Islands,2012,58958
Cayman Islands,2013,59932
Cayman Islands,2014,60848
Cayman Islands,2015,61724
Cayman Islands,2016,62569
Cayman Islands,2017,63382
Cayman Islands,2018,64174
Central African Republic,2010,4386768
Central African Republic,2011,4418636
Central African Republic,2012,4436415
Central African Republic,2013,4447942
Central African Republic,2014,4464175
Central African Republic,2015,4493170
Central African Republic,2016,4537687
Central African Republic,2017,4596028
Central African Republic,2018,4666377
Chad,2010,11952136
Chad,2011,12360989
Chad,2012,12784750
Chad,2013,13220424
Chad,2014,13663559
Chad,2015,14110975
Chad,2016,14561666
Chad,2017,15016773
Chad,2018,15477751
Channel Islands,2010,159734
Channel Islands,2011,160998
Channel Islands,2012,162056
Channel Islands,2013,163038
Channel Islands,2014,164100
Channel Islands,2015,165385
Channel Islands,2016,166923
Channel Islands,2017,168665
Channel Islands,2018,170499
Chile,2010,17062536
Chile,2011,17233576
Chile,2012,17400347
Chile,2013,17571507
Chile,2014,17758959
Chile,2015,17969353
Chile,2016,18209068
Chile,2017,18470439
Chile,2018,18729160
China,2010,1337705000
China,2011,1344130000
China,2012,1350695000
China,2013,1357380000
China,2014,1364270000
China,2015,1371220000
China,2016,1378665000
China,2017,1386395000
China,2018,1392730000
Colombia,2010,45222700
Colombia,2011,45663099
Colombia,2012,46076848
Colombia,2013,46497267
Colombia,2014,46969209
Colombia,2015,47520667
Colombia,2016,48171392
Colombia,2017,48901066
Colombia,2018,49648685
Comoros,2010,689692
Comoros,2011,706569
Comoros,2012,723871
Comoros,2013,741505
Comoros,2014,759390
Comoros,2015,777424
Comoros,2016,795592
Comoros,2017,813892
Comoros,2018,832322
"Congo, Dem. Rep.",2010,64563854
"Congo, Dem. Rep.",2011,66755153
"Congo, Dem. Rep.",2012,69020747
"Congo, Dem. Rep.",2013,71358807
"Congo, Dem. Rep.",2014,73767447
"Congo, Dem. Rep.",2015,76244544
"Congo, Dem. Rep.",2016,78789127
"Congo, Dem. Rep.",2017,81398764
"Congo, Dem. Rep.",2018,84068091
"Congo, Rep.",2010,4273731
"Congo, Rep.",2011,4394844
"Congo, Rep.",2012,4510198
"Congo, Rep.",2013,4622761
"Congo, Rep.",2014,4736974
"Congo, Rep.",2015,4856095
"Congo, Rep.",2016,4980999
"Congo, Rep.",2017,5110702
"Congo, Rep.",2018,5244363
Costa Rica,2010,4577378
Costa Rica,2011,4633086
Costa Rica,2012,4688000
Costa Rica,2013,4742107
Costa Rica,2014,4795396
Costa Rica,2015,4847804
Costa Rica,2016,4899345
Costa Rica,2017,4949954
Costa Rica,2018,4999441
Cote d'Ivoire,2010,20532950
Cote d'Ivoire,2011,21028655
Cote d'Ivoire,2012,21547188
Cote d'Ivoire,2013,22087505
Cote d'Ivoire,2014,22647683
Cote d'Ivoire,2015,23226143
Cote d'Ivoire,2016,23822714
Cote d'Ivoire,2017,24437469
Cote d'Ivoire,2018,25069229
Croatia,2010,4295427
Croatia,2011,4280622
Croatia,2012,4267558
Croatia,2013,4255689
Croatia,2014,4238389
Croatia,2015,4203604
Croatia,2016,4174349
Croatia,2017,4124531
Croatia,2018,4087843
Cuba,2010,11225832
Cuba,2011,11236670
Cuba,2012,11257101
Cuba,2013,11282720
Cuba,2014,11306902
Cuba,2015,11324781
Cuba,2016,11335109
Cuba,2017,11339259
Cuba,2018,11338138
Curacao,2010,148703
Curacao,2011,150831
Curacao,2012,152088
Curacao,2013,153822
Curacao,2014,155909
Curacao,2015,157980
Curacao,2016,159664
Curacao,2017,160175
Curacao,2018,159800
Cyprus,2010,1112612
Cyprus,2011,1124833
Cyprus,2012,1135046
Cyprus,2013,1143866
Cyprus,2014,1152285
Cyprus,2015,1160985
Cyprus,2016,1170187
Cyprus,2017,1179680
Cyprus,2018,1189265
Czech Republic,2010,10474410
Czech Republic,2011,10496088
Czech Republic,2012,10510785
Czech Republic,2013,10514272
Czech Republic,2014,10525347
Czech Republic,2015,10546059
Czech Republic,2016,10566332
Czech Republic,2017,10594438
Czech Republic,2018,10629928
Denmark,2010,5547683
Denmark,2011,5570572
Denmark,2012,5591572
Denmark,2013,5614932
Denmark,2014,5643475
Denmark,2015,5683483
Denmark,2016,5728010
Denmark,2017,5764980
Denmark,2018,5793636
Djibouti,2010,840198
Djibouti,2011,853674
Djibouti,2012,868136
Djibouti,2013,883293
Djibouti,2014,898696
Djibouti,2015,913993
Djibouti,2016,929112
Djibouti,2017,944097
Djibouti,2018,958920
Dominica,2010,70878
Dominica,2011,70916
Dominica,2012,70965
Dominica,2013,71016
Dominica,2014,71085
Dominica,2015,71183
Dominica,2016,71307
Dominica,2017,71458
Dominica,2018,71625
Dominican Republic,2010,9695121
Dominican Republic,2011,9813210
Dominican Republic,2012,9930911
Dominican Republic,2013,10048224
Dominican Republic,2014,10165178
Dominican Republic,2015,10281680
Dominican Republic,2016,10397743
Dominican Republic,2017,10513131
Dominican Republic,2018,10627165
Ecuador,2010,15011117
Ecuador,2011,15243883
Ecuador,2012,15474102
Ecuador,2013,15707474
Ecuador,2014,15951838
Ecuador,2015,16212020
Ecuador,2016,16491115
Ecuador,2017,16785361
Ecuador,2018,17084357
"Egypt, Arab Rep.",2010,82761235
"Egypt, Arab Rep.",2011,84529250
"Egypt, Arab Rep.",2012,86422240
"Egypt, Arab Rep.",2013,88404640
"Egypt, Arab Rep.",2014,90424654
"Egypt, Arab Rep.",2015,92442547
"Egypt, Arab Rep.",2016,94447072
"Egypt, Arab Rep.",2017,96442593
"Egypt, Arab Rep.",2018,98423595
El Salvador,2010,6183875
El Salvador,2011,6210568
El Salvador,2012,6237923
El Salvador,2013,6266070
El Salvador,2014,6295128
El Salvador,2015,6325124
El Salvador,2016,6356143
El Salvador,2017,6388122
El Salvador,2018,6420744
Equatorial Guinea,2010,943639
Equatorial Guinea,2011,986853
Equatorial Guinea,2012,1031191
Equatorial Guinea,2013,1076413
Equatorial Guinea,2014,1122276
Equatorial Guinea,2015,1168568
Equatorial Guinea,2016,1215179
Equatorial Guinea,2017,1262001
Equatorial Guinea,2018,1308974
Eritrea,2010,3170435
Eritrea,2011,3213972
Estonia,2010,1331475
Estonia,2011,1327439
Estonia,2012,1322696
Estonia,2013,1317997
Estonia,2014,1314545
Estonia,2015,1315407
Estonia,2016,1315790
Estonia,2017,1317384
Estonia,2018,1321977
Eswatini,2010,1064837
Eswatini,2011,1072032
Eswatini,2012,1079288
Eswatini,2013,1086839
Eswatini,2014,1095021
Eswatini,2015,1104044
Eswatini,2016,1113984
Eswatini,2017,1124753
Eswatini,2018,1136191
Ethiopia,2010,87639964
Ethiopia,2011,90139927
Ethiopia,2012,92726971
Ethiopia,2013,95385785
Ethiopia,2014,98094253
Ethiopia,2015,100835458
Ethiopia,2016,103603501
Ethiopia,2017,106400024
Ethiopia,2018,109224559
Faroe Islands,2010,47814
Faroe Islands,2011,47823
Faroe Islands,2012,47843
Faroe Islands,2013,47892
Faroe Islands,2014,47960
Faroe Islands,2015,48051
Faroe Islands,2016,48173
Faroe Islands,2017,48331
Faroe Islands,2018,48497
Fiji,2010,859818
Fiji,2011,863449
Fiji,2012,865069
Fiji,2013,865608
Fiji,2014,866453
Fiji,2015,868627
Fiji,2016,872399
Fiji,2017,877459
Fiji,2018,883483
Finland,2010,5363352
Finland,2011,5388272
Finland,2012,5413971
Finland,2013,5438972
Finland,2014,5461512
Finland,2015,5479531
Finland,2016,5495303
Finland,2017,5508214
Finland,2018,5515525
France,2010,65027507
France,2011,65342780
France,2012,65659809
France,2013,65998687
France,2014,66312067
France,2015,66548272
France,2016,66721256
France,2017,66865144
France,2018,66977107
French Polynesia,2010,266455
French Polynesia,2011,267698
French Polynesia,2012,268998
French Polynesia,2013,270328
French Polynesia,2014,271705
French Polynesia,2015,273124
French Polynesia,2016,274575
French Polynesia,2017,276103
French Polynesia,2018,277679
Gabon,2010,1624140
Gabon,2011,1684635
Gabon,2012,1749682
Gabon,2013,1817071
Gabon,2014,1883800
Gabon,2015,1947686
Gabon,2016,2007873
Gabon,2017,2064823
Gabon,2018,2119275
"Gambia, The",2010,1793196
"Gambia, The",2011,1848147
"Gambia, The",2012,1905011
"Gambia, The",2013,1963711
"Gambia, The",2014,2024042
"Gambia, The",2015,2085860
"Gambia, The",2016,2149139
"Gambia, The",2017,2213894
"Gambia, The",2018,2280102
Georgia,2010,3786695
Georgia,2011,3756441
Georgia,2012,3728874
Georgia,2013,3717668
Georgia,2014,3719414
Georgia,2015,3725276
Georgia,2016,3727505
Georgia,2017,3728004
Georgia,2018,3726549
Germany,2010,81776930
Germany,2011,80274983
Germany,2012,80425823
Germany,2013,80645605
Germany,2014,80982500
Germany,2015,81686611
Germany,2016,82348669
Germany,2017,82657002
Germany,2018,82905782
Ghana,2010,24779619
Ghana,2011,25387710
Ghana,2012,25996449
Ghana,2013,26607642
Ghana,2014,27224472
Ghana,2015,27849205
Ghana,2016,28481946
Ghana,2017,29121471
Ghana,2018,29767108
Gibraltar,2010,33585
Gibraltar,2011,33612
Gibraltar,2012,33646
Gibraltar,2013,33692
Gibraltar,2014,33725
Gibraltar,2015,33736
Gibraltar,2016,33737
Gibraltar,2017,33728
Gibraltar,2018,33718
Greece,2010,11121341
Greece,2011,11104899
Greece,2012,11045011
Greece,2013,10965211
Greece,2014,10892413
Greece,2015,10820883
Greece,2016,10775971
Greece,2017,10754679
Greece,2018,10731726
Greenland,2010,56905
Greenland,2011,56890
Greenland,2012,56810
Greenland,2013,56483
Greenland,2014,56295
Greenland,2015,56114
Greenland,2016,56186
Greenland,2017,56171
Greenland,2018,56025
Grenada,2010,106233
Grenada,2011,106796
Grenada,2012,107446
Grenada,2013,108170
Grenada,2014,108902
Grenada,2015,109599
Grenada,2016,110261
Grenada,2017,110874
Grenada,2018,111454
Guam,2010,159444
Guam,2011,159692
Guam,2012,159996
Guam,2013,160407
Guam,2014,161016
Guam,2015,161853
Guam,2016,162951
Guam,2017,164281
Guam,2018,165768
Guatemala,2010,14630417
Guatemala,2011,14948803
Guatemala,2012,15270778
Guatemala,2013,15595821
Guatemala,2014,15923243
Guatemala,2015,16252429
Guatemala,2016,16583060
Guatemala,2017,16914936
Guatemala,2018,17247807
Guinea,2010,10192176
Guinea,2011,10420471
Guinea,2012,10652029
Guinea,2013,10892810
Guinea,2014,11150977
Guinea,2015,11432088
Guinea,2016,11738441
Guinea,2017,12067539
Guinea,2018,12414318
Guinea-Bissau,2010,1522599
Guinea-Bissau,2011,1562989
Guinea-Bissau,2012,1604979
Guinea-Bissau,2013,1648257
Guinea-Bissau,2014,1692439
Guinea-Bissau,2015,1737202
Guinea-Bissau,2016,1782437
Guinea-Bissau,2017,1828146
Guinea-Bissau,2018,1874309
Guyana,2010,749436
Guyana,2011,752028
Guyana,2012,755399
Guyana,2013,759285
Guyana,2014,763380
Guyana,2015,767432
Guyana,2016,771366
Guyana,2017,775221
Guyana,2018,779004
Haiti,2010,9949322
Haiti,2011,10100320
Haiti,2012,10250930
Haiti,2013,10400673
Haiti,2014,10549008
Haiti,2015,10695542
Haiti,2016,10839970
Haiti,2017,10982366
Haiti,2018,11123176
Honduras,2010,8317470
Honduras,2011,8480671
Honduras,2012,8640691
Honduras,2013,8798521
Honduras,2014,8955589
Honduras,2015,9112916
Honduras,2016,9270795
Honduras,2017,9429013
Honduras,2018,9587522
"Hong Kong SAR, China",2010,7024200
"Hong Kong SAR, China",2011,7071600
"Hong Kong SAR, China",2012,7150100
"Hong Kong SAR, China",2013,7178900
"Hong Kong SAR, China",2014,7229500
"Hong Kong SAR, China",2015,7291300
"Hong Kong SAR, China",2016,7336600
"Hong Kong SAR, China",2017,7391700
"Hong Kong SAR, China",2018,7451000
Hungary,2010,10000023
Hungary,2011,9971727
Hungary,2012,9920362
Hungary,2013,9893082
Hungary,2014,9866468
Hungary,2015,9843028
Hungary,2016,9814023
Hungary,2017,9787966
Hungary,2018,9775564
Iceland,2010,318041
Iceland,2011,319014
Iceland,2012,320716
Iceland,2013,323764
Iceland,2014,327386
Iceland,2015,330815
Iceland,2016,335439
Iceland,2017,343400
Iceland,2018,352721
India,2010,1234281170
India,2011,1250288729
India,2012,1265782790
India,2013,1280846129
India,2014,1295604184
India,2015,1310152403
India,2016,1324509589
India,2017,1338658835
India,2018,1352617328
Indonesia,2010,241834215
Indonesia,2011,245116206
Indonesia,2012,248452413
Indonesia,2013,251806402
Indonesia,2014,255129004
Indonesia,2015,258383256
Indonesia,2016,261554226
Indonesia,2017,264645886
Indonesia,2018,267663435
"Iran, Islamic Rep.",2010,73762519
"Iran, Islamic Rep.",2011,74634956
"Iran, Islamic Rep.",2012,75539862
"Iran, Islamic Rep.",2013,76481943
"Iran, Islamic Rep.",2014,77465753
"Iran, Islamic Rep.",2015,78492215
"Iran, Islamic Rep.",2016,79564016
"Iran, Islamic Rep.",2017,80673951
"Iran, Islamic Rep.",2018,81800269
Iraq,2010,29741976
Iraq,2011,30725300
Iraq,2012,31890011
Iraq,2013,33157050
Iraq,2014,34411951
Iraq,2015,35572261
Iraq,2016,36610632
Iraq,2017,37552781
Iraq,2018,38433600
Ireland,2010,4560155
Ireland,2011,4580084
Ireland,2012,4599533
Ireland,2013,4623816
Ireland,2014,4657740
Ireland,2015,4701957
Ireland,2016,4755335
Ireland,2017,4807388
Ireland,2018,4867309
Isle of Man,2010,84857
Isle of Man,2011,84886
Isle of Man,2012,84533
Isle of Man,2013,83976
Isle of Man,2014,83488
Isle of Man,2015,83234
Isle of Man,2016,83287
Isle of Man,2017,83598
Isle of Man,2018,84077
Israel,2010,7623600
Israel,2011,7765800
Israel,2012,7910500
Israel,2013,8059500
Israel,2014,8215700
Israel,2015,8380100
Israel,2016,8546000
Israel,2017,8713300
Israel,2018,8882800
Italy,2010,59277417
Italy,2011,59379449
Italy,2012,59539717
Italy,2013,60233948
Italy,2014,60789140
Italy,2015,60730582
Italy,2016,60627498
Italy,2017,60536709
Italy,2018,60421760
Jamaica,2010,2810460
Jamaica,2011,2825929
Jamaica,2012,2842132
Jamaica,2013,2858709
Jamaica,2014,2875136
Jamaica,2015,2891021
Jamaica,2016,2906238
Jamaica,2017,2920853
Jamaica,2018,2934855
Japan,2010,128070000
Japan,2011,127833000
Japan,2012,127629000
Japan,2013,127445000
Japan,2014,127276000
Japan,2015,127141000
Japan,2016,126994511
Japan,2017,126785797
Japan,2018,126529100
Jordan,2010,7261539
Jordan,2011,7663131
Jordan,2012,8090872
Jordan,2013,8520420
Jordan,2014,8920049
Jordan,2015,9266575
Jordan,2016,9551467
Jordan,2017,9779173
Jordan,2018,9956011
Kazakhstan,2010,16321872
Kazakhstan,2011,16557201
Kazakhstan,2012,16792089
Kazakhstan,2013,17035550
Kazakhstan,2014,17288285
Kazakhstan,2015,17542806
Kazakhstan,2016,17794055
Kazakhstan,2017,18037776
Kazakhstan,2018,18272430
Kenya,2010,42030676
Kenya,2011,43178257
Kenya,2012,44343410
Kenya,2013,45519889
Kenya,2014,46699981
Kenya,2015,47878336
Kenya,2016,49051686
Kenya,2017,50221473
Kenya,2018,51393010
Kiribati,2010,102927
Kiribati,2011,104728
Kiribati,2012,106370
Kiribati,2013,107890
Kiribati,2014,109391
Kiribati,2015,110930
Kiribati,2016,112524
Kiribati,2017,114158
Kiribati,2018,115847
"Korea, Dem. People’s Rep.",2010,24548836
"Korea, Dem. People’s Rep.",2011,24673385
"Korea, Dem. People’s Rep.",2012,24800612
"Korea, Dem. People’s Rep.",2013,24929452
"Korea, Dem. People’s Rep.",2014,25057752
"Korea, Dem. People’s Rep.",2015,25183833
"Korea, Dem. People’s Rep.",2016,25307744
"Korea, Dem. People’s Rep.",2017,25429985
"Korea, Dem. People’s Rep.",2018,25549819
"Korea, Rep.",2010,49554112
"Korea, Rep.",2011,49936638
"Korea, Rep.",2012,50199853
"Korea, Rep.",2013,50428893
"Korea, Rep.",2014,50746659
"Korea, Rep.",2015,51014947
"Korea, Rep.",2016,51217803
"Korea, Rep.",2017,51361911
"Korea, Rep.",2018,51606633
Kosovo,2010,1775680
Kosovo,2011,1791000
Kosovo,2012,1805200
Kosovo,2013,1824100
Kosovo,2014,1821800
Kosovo,2015,1801800
Kosovo,2016,1816200
Kosovo,2017,1830700
Kosovo,2018,1845300
Kuwait,2010,2991884
Kuwait,2011,3168060
Kuwait,2012,3348853
Kuwait,2013,3526378
Kuwait,2014,3690942
Kuwait,2015,3835591
Kuwait,2016,3956873
Kuwait,2017,4056097
Kuwait,2018,4137309
Kyrgyz Republic,2010,5447900
Kyrgyz Republic,2011,5514600
Kyrgyz Republic,2012,5607200
Kyrgyz Republic,2013,5719600
Kyrgyz Republic,2014,5835500
Kyrgyz Republic,2015,5956900
Kyrgyz Republic,2016,6079500
Kyrgyz Republic,2017,6198200
Kyrgyz Republic,2018,6322800
Lao PDR,2010,6249165
Lao PDR,2011,6347567
Lao PDR,2012,6444530
Lao PDR,2013,6541304
Lao PDR,2014,6639756
Lao PDR,2015,6741164
Lao PDR,2016,6845846
Lao PDR,2017,6953035
Lao PDR,2018,7061507
Latvia,2010,2097555
Latvia,2011,2059709
Latvia,2012,2034319
Latvia,2013,2012647
Latvia,2014,1993782
Latvia,2015,1977527
Latvia,2016,1959537
Latvia,2017,1942248
Latvia,2018,1927174
Lebanon,2010,4953061
Lebanon,2011,5202343
Lebanon,2012,5538634
Lebanon,2013,5914621
Lebanon,2014,6262410
Lebanon,2015,6532678
Lebanon,2016,6711121
Lebanon,2017,6811873
Lebanon,2018,6848925
Lesotho,2010,1995581
Lesotho,2011,2003787
Lesotho,2012,2014990
Lesotho,2013,2028519
Lesotho,2014,2043437
Lesotho,2015,2059021
Lesotho,2016,2075001
Lesotho,2017,2091412
Lesotho,2018,2108132
Liberia,2010,3891356
Liberia,2011,4017443
Liberia,2012,4135659
Liberia,2013,4248334
Liberia,2014,4359505
Liberia,2015,4472230
Liberia,2016,4586788
Liberia,2017,4702228
Liberia,2018,4818977
Libya,2010,6197663
Libya,2011,6247439
Libya,2012,6285750
Libya,2013,6320359
Libya,2014,6362037
Libya,2015,6418315
Libya,2016,6492164
Libya,2017,6580724
Libya,2018,6678567
Liechtenstein,2010,35994
Liechtenstein,2011,36293
Liechtenstein,2012,36615
Liechtenstein,2013,36934
Liechtenstein,2014,37223
Liechtenstein,2015,37470
Liechtenstein,2016,37658
Liechtenstein,2017,37800
Liechtenstein,2018,37910
Lithuania,2010,3097282
Lithuania,2011,3028115
Lithuania,2012,2987773
Lithuania,2013,2957689
Lithuania,2014,2932367
Lithuania,2015,2904910
Lithuania,2016,2868231
Lithuania,2017,2828403
Lithuania,2018,2801543
Luxembourg,2010,506953
Luxembourg,2011,518347
Luxembourg,2012,530946
Luxembourg,2013,543360
Luxembourg,2014,556319
Luxembourg,2015,569604
Luxembourg,2016,582014
Luxembourg,2017,596336
Luxembourg,2018,607950
"Macao SAR, China",2010,538219
"Macao SAR, China",2011,550832
"Macao SAR, China",2012,564039
"Macao SAR, China",2013,577372
"Macao SAR, China",2014,590208
"Macao SAR, China",2015,602085
"Macao SAR, China",2016,612836
"Macao SAR, China",2017,622585
"Macao SAR, China",2018,631636
Madagascar,2010,21151640
Madagascar,2011,21743967
Madagascar,2012,22346641
Madagascar,2013,22961253
Madagascar,2014,23589887
Madagascar,2015,24234088
Madagascar,2016,24894380
Madagascar,2017,25570540
Madagascar,2018,26262368
Malawi,2010,14539612
Malawi,2011,14962112
Malawi,2012,15396005
Malawi,2013,15839269
Malawi,2014,16289540
Malawi,2015,16745303
Malawi,2016,17205289
Malawi,2017,17670260
Malawi,2018,18143315
Malaysia,2010,28208035
Malaysia,2011,28650955
Malaysia,2012,29068159
Malaysia,2013,29468872
Malaysia,2014,29866559
Malaysia,2015,30270962
Malaysia,2016,30684804
Malaysia,2017,31105028
Malaysia,2018,31528585
Maldives,2010,365734
Maldives,2011,380495
Maldives,2012,397237
Maldives,2013,415593
Maldives,2014,435015
Maldives,2015,454915
Maldives,2016,475513
Maldives,2017,496402
Maldives,2018,515696
Mali,2010,15049353
Mali,2011,15514591
Mali,2012,15979499
Mali,2013,16449864
Mali,2014,16934220
Mali,2015,17438778
Mali,2016,17965429
Mali,2017,18512394
Mali,2018,19077690
Malta,2010,414508
Malta,2011,416268
Malta,2012,420028
Malta,2013,425967
Malta,2014,434558
Malta,2015,445053
Malta,2016,455356
Malta,2017,467999
Malta,2018,484630
Marshall Islands,2010,56366
Marshall Islands,2011,56531
Marshall Islands,2012,56717
Marshall Islands,2013,56938
Marshall Islands,2014,57179
Marshall Islands,2015,57439
Marshall Islands,2016,57735
Marshall Islands,2017,58058
Marshall Islands,2018,58413
Mauritania,2010,3494195
Mauritania,2011,3598648
Mauritania,2012,3706554
Mauritania,2013,3817494
Mauritania,2014,3930896
Mauritania,2015,4046301
Mauritania,2016,4163534
Mauritania,2017,4282574
Mauritania,2018,4403319
Mauritius,2010,1250400
Mauritius,2011,1252404
Mauritius,2012,1255882
Mauritius,2013,1258653
Mauritius,2014,1260934
Mauritius,2015,1262605
Mauritius,2016,1263473
Mauritius,2017,1264613
Mauritius,2018,1265303
Mexico,2010,114092963
Mexico,2011,115695473
Mexico,2012,117274155
Mexico,2013,118827161
Mexico,2014,120355128
Mexico,2015,121858258
Mexico,2016,123333376
Mexico,2017,124777324
Mexico,2018,126190788
"Micronesia, Fed. Sts.",2010,102911
"Micronesia, Fed. Sts.",2011,103450
"Micronesia, Fed. Sts.",2012,104506
"Micronesia, Fed. Sts.",2013,105926
"Micronesia, Fed. Sts.",2014,107446
"Micronesia, Fed. Sts.",2015,108895
"Micronesia, Fed. Sts.",2016,110215
"Micronesia, Fed. Sts.",2017,111459
"Micronesia, Fed. Sts.",2018,112640
Moldova,2010,2861487
Moldova,2011,2859833
Moldova,2012,2859458
Moldova,2013,2858692
Moldova,2014,2856950
Moldova,2015,2834530
Moldova,2016,2802170
Moldova,2017,2755158
Moldova,2018,2706049
Monaco,2010,35612
Monaco,2011,36024
Monaco,2012,36460
Monaco,2013,36901
Monaco,2014,37322
Monaco,2015,37718
Monaco,2016,38070
Monaco,2017,38392
Monaco,2018,38682
Mongolia,2010,2719896
Mongolia,2011,2770362
Mongolia,2012,2824699
Mongolia,2013,2881792
Mongolia,2014,2940108
Mongolia,2015,2998439
Mongolia,2016,3056359
Mongolia,2017,3113779
Mongolia,2018,3170208
Montenegro,2010,619428
Montenegro,2011,620079
Montenegro,2012,620601
Montenegro,2013,621207
Montenegro,2014,621810
Montenegro,2015,622159
Montenegro,2016,622303
Montenegro,2017,622373
Montenegro,2018,622227
Morocco,2010,32343389
Morocco,2011,32781850
Morocco,2012,33241898
Morocco,2013,33715693
Morocco,2014,34192347
Morocco,2015,34663603
Morocco,2016,35126296
Morocco,2017,35581294
Morocco,2018,36029138
Mozambique,2010,23531574
Mozambique,2011,24187487
Mozambique,2012,24862648
Mozambique,2013,25560725
Mozambique,2014,26286163
Mozambique,2015,27042002
Mozambique,2016,27829942
Mozambique,2017,28649007
Mozambique,2018,29495962
Myanmar,2010,50600818
Myanmar,2011,50990615
Myanmar,2012,51413698
Myanmar,2013,51852451
Myanmar,2014,52280807
Myanmar,2015,52680726
Myanmar,2016,53045226
Myanmar,2017,53382581
Myanmar,2018,53708395
Namibia,2010,2118874
Namibia,2011,2156701
Namibia,2012,2194784
Namibia,2013,2233510
Namibia,2014,2273430
Namibia,2015,2314904
Namibia,2016,2358041
Namibia,2017,2402603
Namibia,2018,2448255
Nauru,2010,10005
Nauru,2011,10057
Nauru,2012,10279
Nauru,2013,10821
Nauru,2014,11853
Nauru,2015,12475
Nauru,2016,13049
Nauru,2017,12876
Nauru,2018,12704
Nepal,2010,27013212
Nepal,2011,27041437
Nepal,2012,26989862
Nepal,2013,26917906
Nepal,2014,26906926
Nepal,2015,27015031
Nepal,2016,27261131
Nepal,2017,27627124
Nepal,2018,28087871
Netherlands,2010,16615394
Netherlands,2011,16693074
Netherlands,2012,16754962
Netherlands,2013,16804432
Netherlands,2014,16865008
Netherlands,2015,16939923
Netherlands,2016,17030314
Netherlands,2017,17131296
Netherlands,2018,17231624
New Caledonia,2010,249750
New Caledonia,2011,254350
New Caledonia,2012,259000
New Caledonia,2013,263650
New Caledonia,2014,268050
New Caledonia,2015,272400
New Caledonia,2016,276550
New Caledonia,2017,280350
New Caledonia,2018,284060
New Zealand,2010,4350700
New Zealand,2011,4384000
New Zealand,2012,4408100
New Zealand,2013,4442100
New Zealand,2014,4509700
New Zealand,2015,4595700
New Zealand,2016,4693200
New Zealand,2017,4793900
New Zealand,2018,4841000
Nicaragua,2010,5824065
Nicaragua,2011,5903039
Nicaragua,2012,5982526
Nicaragua,2013,6062454
Nicaragua,2014,6142733
Nicaragua,2015,6223240
Nicaragua,2016,6303974
Nicaragua,2017,6384855
Nicaragua,2018,6465513
Niger,2010,16464025
Niger,2011,17114761
Niger,2012,17795191
Niger,2013,18504255
Niger,2014,19240157
Niger,2015,20001663
Niger,2016,20788838
Niger,2017,21602472
Niger,2018,22442948
Nigeria,2010,158503197
Nigeria,2011,162805071
Nigeria,2012,167228767
Nigeria,2013,171765769
Nigeria,2014,176404902
Nigeria,2015,181137448
Nigeria,2016,185960289
Nigeria,2017,190873311
Nigeria,2018,195874740
North Macedonia,2010,2070741
North Macedonia,2011,2072487
North Macedonia,2012,2074278
North Macedonia,2013,2076067
North Macedonia,2014,2077775
North Macedonia,2015,2079328
North Macedonia,2016,2080745
North Macedonia,2017,2081996
North Macedonia,2018,2082958
Northern Mariana Islands,2010,53971
Northern Mariana Islands,2011,54012
Northern Mariana Islands,2012,54311
Northern Mariana Islands,2013,54784
Northern Mariana Islands,2014,55305
Northern Mariana Islands,2015,55780
Northern Mariana Islands,2016,56188
Northern Mariana Islands,2017,56562
Northern Mariana Islands,2018,56882
Norway,2010,4889252
Norway,2011,4953088
Norway,2012,5018573
Norway,2013,5079623
Norway,2014,5137232
Norway,2015,5188607
Norway,2016,5234519
Norway,2017,5276968
Norway,2018,5311916
Oman,2010,3041434
Oman,2011,3251108
Oman,2012,3498029
Oman,2013,3764805
Oman,2014,4027260
Oman,2015,4267348
Oman,2016,4479219
Oman,2017,4665935
Oman,2018,4829483
Pakistan,2010,179424641
Pakistan,2011,183340592
Pakistan,2012,187281475
Pakistan,2013,191262919
Pakistan,2014,195306825
Pakistan,2015,199426964
Pakistan,2016,203627284
Pakistan,2017,207896686
Pakistan,2018,212215030
Palau,2010,17955
Palau,2011,17745
Palau,2012,17640
Palau,2013,17606
Palau,2014,17626
Palau,2015,17665
Palau,2016,17725
Palau,2017,17808
Palau,2018,17907
Panama,2010,3642687
Panama,2011,3706483
Panama,2012,3770624
Panama,2013,3835437
Panama,2014,3901315
Panama,2015,3968487
Panama,2016,4037078
Panama,2017,4106771
Panama,2018,4176873
Papua New Guinea,2010,7310507
Papua New Guinea,2011,7472200
Papua New Guinea,2012,7631002
Papua New Guinea,2013,7788379
Papua New Guinea,2014,7946731
Papua New Guinea,2015,8107775
Papua New Guinea,2016,8271760
Papua New Guinea,2017,8438029
Papua New Guinea,2018,8606316
Paraguay,2010,6248020
Paraguay,2011,6333976
Paraguay,2012,6421512
Paraguay,2013,6510276
Paraguay,2014,6599526
Paraguay,2015,6688746
Paraguay,2016,6777872
Paraguay,2017,6867062
Paraguay,2018,6956071
Peru,2010,29027674
Peru,2011,29264318
Peru,2012,29506788
Peru,2013,29773987
Peru,2014,30090359
Peru,2015,30470734
Peru,2016,30926032
Peru,2017,31444297
Peru,2018,31989256
Philippines,2010,93966780
Philippines,2011,95570047
Philippines,2012,97212638
Philippines,2013,98871552
Philippines,2014,100513138
Philippines,2015,102113212
Philippines,2016,103663927
Philippines,2017,105173264
Philippines,2018,106651922
Poland,2010,38042794
Poland,2011,38063255
Poland,2012,38063164
Poland,2013,38040196
Poland,2014,38011735
Poland,2015,37986412
Poland,2016,37970087
Poland,2017,37974826
Poland,2018,37974750
Portugal,2010,10573100
Portugal,2011,10557560
Portugal,2012,10514844
Portugal,2013,10457295
Portugal,2014,10401062
Portugal,2015,10358076
Portugal,2016,10325452
Portugal,2017,10300300
Portugal,2018,10283822
Puerto Rico,2010,3721525
Puerto Rico,2011,3678732
Puerto Rico,2012,3634488
Puerto Rico,2013,3593077
Puerto Rico,2014,3534874
Puerto Rico,2015,3473166
Puerto Rico,2016,3406495
Puerto Rico,2017,3325001
Puerto Rico,2018,3195153
Qatar,2010,1856327
Qatar,2011,2035871
Qatar,2012,2196074
Qatar,2013,2336574
Qatar,2014,2459198
Qatar,2015,2565710
Qatar,2016,2654374
Qatar,2017,2724724
Qatar,2018,2781677
Romania,2010,20246871
Romania,2011,20147528
Romania,2012,20058035
Romania,2013,19983693
Romania,2014,19908979
Romania,2015,19815616
Romania,2016,19702468
Romania,2017,19587491
Romania,2018,19466145
Russian Federation,2010,142849449
Russian Federation,2011,142960868
Russian Federation,2012,143201676
Russian Federation,2013,143506911
Russian Federation,2014,143819666
Russian Federation,2015,144096870
Russian Federation,2016,144342396
Russian Federation,2017,144496740
Russian Federation,2018,144478050
Rwanda,2010,10039338
Rwanda,2011,10293331
Rwanda,2012,10549678
Rwanda,2013,10811543
Rwanda,2014,11083635
Rwanda,2015,11369071
Rwanda,2016,11668818
Rwanda,2017,11980937
Rwanda,2018,12301939
Samoa,2010,185949
Samoa,2011,187469
Samoa,2012,189088
Samoa,2013,190717
Samoa,2014,192221
Samoa,2015,193513
Samoa,2016,194535
Samoa,2017,195352
Samoa,2018,196130
San Marino,2010,31229
San Marino,2011,31661
San Marino,2012,32105
San Marino,2013,32553
San Marino,2014,32948
San Marino,2015,33272
San Marino,2016,33504
San Marino,2017,33671
San Marino,2018,33785
Sao Tome and Principe,2010,180371
Sao Tome and Principe,2011,184524
Sao Tome and Principe,2012,188404
Sao Tome and Principe,2013,192087
Sao Tome and Principe,2014,195727
Sao Tome and Principe,2015,199432
Sao Tome and Principe,2016,203227
Sao Tome and Principe,2017,207089
Sao Tome and Principe,2018,211028
Saudi Arabia,2010,27421461
Saudi Arabia,2011,28267685
Saudi Arabia,2012,29155187
Saudi Arabia,2013,30052518
Saudi Arabia,2014,30916994
Saudi Arabia,2015,31717667
Saudi Arabia,2016,32442572
Saudi Arabia,2017,33099147
Saudi Arabia,2018,33699947
Senegal,2010,12678148
Senegal,2011,13033809
Senegal,2012,13401991
Senegal,2013,13782420
Senegal,2014,14174731
Senegal,2015,14578459
Senegal,2016,14993528
Senegal,2017,15419381
Senegal,2018,15854360
Serbia,2010,7291436
Serbia,2011,7234099
Serbia,2012,7199077
Serbia,2013,7164132
Serbia,2014,7130576
Serbia,2015,7095383
Serbia,2016,7058322
Serbia,2017,7020858
Serbia,2018,6982604
Seychelles,2010,89770
Seychelles,2011,87441
Seychelles,2012,88303
Seychelles,2013,89949
Seychelles,2014,91359
Seychelles,2015,93419
Seychelles,2016,94677
Seychelles,2017,95843
Seychelles,2018,96762
Sierra Leone,2010,6415634
Sierra Leone,2011,6563240
Sierra Leone,2012,6712581
Sierra Leone,2013,6863980
Sierra Leone,2014,7017144
Sierra Leone,2015,7171914
Sierra Leone,2016,7328838
Sierra Leone,2017,7488431
Sierra Leone,2018,7650154
Singapore,2010,5076732
Singapore,2011,5183688
Singapore,2012,5312437
Singapore,2013,5399162
Singapore,2014,5469724
Singapore,2015,5535002
Singapore,2016,5607283
Singapore,2017,5612253
Singapore,2018,5638676
Sint Maarten (Dutch part),2010,34056
Sint Maarten (Dutch part),2011,33435
Sint Maarten (Dutch part),2012,34640
Sint Maarten (Dutch part),2013,36607
Sint Maarten (Dutch part),2014,37685
Sint Maarten (Dutch part),2015,38825
Sint Maarten (Dutch part),2016,39969
Sint Maarten (Dutch part),2017,40574
Sint Maarten (Dutch part),2018,40654
Slovak Republic,2010,5391428
Slovak Republic,2011,5398384
Slovak Republic,2012,5407579
Slovak Republic,2013,5413393
Slovak Republic,2014,5418649
Slovak Republic,2015,5423801
Slovak Republic,2016,5430798
Slovak Republic,2017,5439232
Slovak Republic,2018,5446771
Slovenia,2010,2048583
Slovenia,2011,2052843
Slovenia,2012,2057159
Slovenia,2013,2059953
Slovenia,2014,2061980
Slovenia,2015,2063531
Slovenia,2016,2065042
Slovenia,2017,2066388
Slovenia,2018,2073894
Solomon Islands,2010,527861
Solomon Islands,2011,541521
Solomon Islands,2012,556064
Solomon Islands,2013,571335
Solomon Islands,2014,587079
Solomon Islands,2015,603118
Solomon Islands,2016,619437
Solomon Islands,2017,636038
Solomon Islands,2018,652858
Somalia,2010,12043883
Somalia,2011,12376302
Somalia,2012,12715510
Somalia,2013,13063706
Somalia,2014,13423576
Somalia,2015,13797201
Somalia,2016,14185613
Somalia,2017,14589119
Somalia,2018,15008154
South Africa,2010,51216964
South Africa,2011,52004172
South Africa,2012,52834005
South Africa,2013,53689236
South Africa,2014,54545991
South Africa,2015,55386367
South Africa,2016,56203654
South Africa,2017,57000451
South Africa,2018,57779622
South Sudan,2010,9508364
South Sudan,2011,9830698
South Sudan,2012,10113647
South Sudan,2013,10355036
South Sudan,2014,10554883
South Sudan,2015,10715658
South Sudan,2016,10832512
South Sudan,2017,10910759
South Sudan,2018,10975920
Spain,2010,46576897
Spain,2011,46742697
Spain,2012,46773055
Spain,2013,46620045
Spain,2014,46480882
Spain,2015,46444832
Spain,2016,46484062
Spain,2017,46593236
Spain,2018,46796540
Sri Lanka,2010,20261737
Sri Lanka,2011,20398670
Sri Lanka,2012,20425000
Sri Lanka,2013,20585000
Sri Lanka,2014,20778000
Sri Lanka,2015,20970000
Sri Lanka,2016,21203000
Sri Lanka,2017,21444000
Sri Lanka,2018,21670000
St. Kitts and Nevis,2010,49016
St. Kitts and Nevis,2011,49447
St. Kitts and Nevis,2012,49887
St. Kitts and Nevis,2013,50331
St. Kitts and Nevis,2014,50774
St. Kitts and Nevis,2015,51203
St. Kitts and Nevis,2016,51625
St. Kitts and Nevis,2017,52045
St. Kitts and Nevis,2018,52441
St. Lucia,2010,174085
St. Lucia,2011,175544
St. Lucia,2012,176646
St. Lucia,2013,177513
St. Lucia,2014,178296
St. Lucia,2015,179126
St. Lucia,2016,180024
St. Lucia,2017,180955
St. Lucia,2018,181889
St. Martin (French part),2010,37582
St. Martin (French part),2011,37446
St. Martin (French part),2012,37009
St. Martin (French part),2013,36453
St. Martin (French part),2014,36015
St. Martin (French part),2015,35858
St. Martin (French part),2016,36065
St. Martin (French part),2017,36560
St. Martin (French part),2018,37264
St. Vincent and the Grenadines,2010,108255
St. Vincent and the Grenadines,2011,108316
St. Vincent and the Grenadines,2012,108435
St. Vincent and the Grenadines,2013,108622
St. Vincent and the Grenadines,2014,108861
St. Vincent and the Grenadines,2015,109148
St. Vincent and the Grenadines,2016,109459
St. Vincent and the Grenadines,2017,109827
St. Vincent and the Grenadines,2018,110210
Sudan,2010,34545013
Sudan,2011,35349681
Sudan,2012,36193783
Sudan,2013,37072550
Sudan,2014,37977655
Sudan,2015,38902950
Sudan,2016,39847440
Sudan,2017,40813396
Sudan,2018,41801533
Suriname,2010,529131
Suriname,2011,535179
Suriname,2012,541245
Suriname,2013,547291
Suriname,2014,553273
Suriname,2015,559143
Suriname,2016,564888
Suriname,2017,570496
Suriname,2018,575991
Sweden,2010,9378126
Sweden,2011,9449213
Sweden,2012,9519374
Sweden,2013,9600379
Sweden,2014,9696110
Sweden,2015,9799186
Sweden,2016,9923085
Sweden,2017,10057698
Sweden,2018,10175214
Switzerland,2010,7824909
Switzerland,2011,7912398
Switzerland,2012,7996861
Switzerland,2013,8089346
Switzerland,2014,8188649
Switzerland,2015,8282396
Switzerland,2016,8373338
Switzerland,2017,8451840
Switzerland,2018,8513227
Syrian Arab Republic,2010,21362529
Syrian Arab Republic,2011,21082966
Syrian Arab Republic,2012,20442541
Syrian Arab Republic,2013,19584274
Syrian Arab Republic,2014,18715672
Syrian Arab Republic,2015,17997408
Syrian Arab Republic,2016,17453933
Syrian Arab Republic,2017,17068002
Syrian Arab Republic,2018,16906283
Tajikistan,2010,7527394
Tajikistan,2011,7697510
Tajikistan,2012,7874835
Tajikistan,2013,8059769
Tajikistan,2014,8252833
Tajikistan,2015,8454028
Tajikistan,2016,8663579
Tajikistan,2017,8880268
Tajikistan,2018,9100837
Tanzania,2010,44346525
Tanzania,2011,45673338
Tanzania,2012,47052481
Tanzania,2013,48482266
Tanzania,2014,49959822
Tanzania,2015,51482633
Tanzania,2016,53050790
Tanzania,2017,54663906
Tanzania,2018,56318348
Thailand,2010,67195028
Thailand,2011,67518382
Thailand,2012,67835957
Thailand,2013,68144501
Thailand,2014,68438730
Thailand,2015,68714511
Thailand,2016,68971331
Thailand,2017,69209858
Thailand,2018,69428524
Timor-Leste,2010,1093523
Timor-Leste,2011,1113151
Timor-Leste,2012,1132994
Timor-Leste,2013,1153295
Timor-Leste,2014,1174331
Timor-Leste,2015,1196302
Timor-Leste,2016,1219288
Timor-Leste,2017,1243261
Timor-Leste,2018,1267972
Togo,2010,6421679
Togo,2011,6595943
Togo,2012,6773807
Togo,2013,6954721
Togo,2014,7137997
Togo,2015,7323158
Togo,2016,7509952
Togo,2017,7698475
Togo,2018,7889094
Tonga,2010,103986
Tonga,2011,103562
Tonga,2012,102737
Tonga,2013,101768
Tonga,2014,101028
Tonga,2015,100781
Tonga,2016,101133
Tonga,2017,101998
Tonga,2018,103197
Trinidad and Tobago,2010,1328147
Trinidad and Tobago,2011,1336178
Trinidad and Tobago,2012,1344817
Trinidad and Tobago,2013,1353700
Trinidad and Tobago,2014,1362342
Trinidad and Tobago,2015,1370328
Trinidad and Tobago,2016,1377564
Trinidad and Tobago,2017,1384072
Trinidad and Tobago,2018,1389858
Tunisia,2010,10635244
Tunisia,2011,10741880
Tunisia,2012,10847002
Tunisia,2013,10952951
Tunisia,2014,11063201
Tunisia,2015,11179949
Tunisia,2016,11303946
Tunisia,2017,11433443
Tunisia,2018,11565204
Turkey,2010,72326988
Turkey,2011,73443863
Turkey,2012,74653016
Turkey,2013,75928564
Turkey,2014,77231907
Turkey,2015,78529409
Turkey,2016,79821724
Turkey,2017,81101892
Turkey,2018,82319724
Turkmenistan,2010,5087213
Turkmenistan,2011,5174085
Turkmenistan,2012,5267900
Turkmenistan,2013,5366375
Turkmenistan,2014,5466328
Turkmenistan,2015,5565287
Turkmenistan,2016,5662372
Turkmenistan,2017,5757669
Turkmenistan,2018,5850908
Turks and Caicos Islands,2010,32660
Turks and Caicos Islands,2011,33377
Turks and Caicos Islands,2012,34066
Turks and Caicos Islands,2013,34731
Turks and Caicos Islands,2014,35369
Turks and Caicos Islands,2015,35981
Turks and Caicos Islands,2016,36559
Turks and Caicos Islands,2017,37115
Turks and Caicos Islands,2018,37665
Tuvalu,2010,10530
Tuvalu,2011,10633
Tuvalu,2012,10739
Tuvalu,2013,10857
Tuvalu,2014,10972
Tuvalu,2015,11099
Tuvalu,2016,11225
Tuvalu,2017,11370
Tuvalu,2018,11508
Uganda,2010,32428167
Uganda,2011,33476919
Uganda,2012,34559168
Uganda,2013,35695246
Uganda,2014,36912148
Uganda,2015,38225453
Uganda,2016,39647506
Uganda,2017,41162465
Uganda,2018,42723139
Ukraine,2010,45870700
Ukraine,2011,45706100
Ukraine,2012,45593300
Ukraine,2013,45489600
Ukraine,2014,45271947
Ukraine,2015,45154029
Ukraine,2016,45004645
Ukraine,2017,44831135
Ukraine,2018,44622516
United Arab Emirates,2010,8549988
United Arab Emirates,2011,8946777
United Arab Emirates,2012,9141596
United Arab Emirates,2013,9197910
United Arab Emirates,2014,9214175
United Arab Emirates,2015,9262900
United Arab Emirates,2016,9360980
United Arab Emirates,2017,9487203
United Arab Emirates,2018,9630959
United Kingdom,2010,62766365
United Kingdom,2011,63258810
United Kingdom,2012,63700215
United Kingdom,2013,64128273
United Kingdom,2014,64602298
United Kingdom,2015,65116219
United Kingdom,2016,65611593
United Kingdom,2017,66058859
United Kingdom,2018,66460344
United States,2010,309321666
United States,2011,311556874
United States,2012,313830990
United States,2013,315993715
United States,2014,318301008
United States,2015,320635163
United States,2016,322941311
United States,2017,324985539
United States,2018,326687501
Uruguay,2010,3359275
Uruguay,2011,3368934
Uruguay,2012,3378974
Uruguay,2013,3389439
Uruguay,2014,3400434
Uruguay,2015,3412009
Uruguay,2016,3424132
Uruguay,2017,3436646
Uruguay,2018,3449299
Uzbekistan,2010,28562400
Uzbekistan,2011,29339400
Uzbekistan,2012,29774500
Uzbekistan,2013,30243200
Uzbekistan,2014,30757700
Uzbekistan,2015,31298900
Uzbekistan,2016,31847900
Uzbekistan,2017,32388600
Uzbekistan,2018,32955400
Vanuatu,2010,236211
Vanuatu,2011,242653
Vanuatu,2012,249499
Vanuatu,2013,256635
Vanuatu,2014,263888
Vanuatu,2015,271130
Vanuatu,2016,278330
Vanuatu,2017,285510
Vanuatu,2018,292680
"Venezuela, RB",2010,28439940
"Venezuela, RB",2011,28888369
"Venezuela, RB",2012,29362449
"Venezuela, RB",2013,29783571
"Venezuela, RB",2014,30045134
"Venezuela, RB",2015,30081829
"Venezuela, RB",2016,29846179
"Venezuela, RB",2017,29390409
"Venezuela, RB",2018,28870195
Vietnam,2010,87967651
Vietnam,2011,88871561
Vietnam,2012,89802487
Vietnam,2013,90753472
Vietnam,2014,91714595
Vietnam,2015,92677076
Vietnam,2016,93638724
Vietnam,2017,94596642
Vietnam,2018,95540395
Virgin Islands (U.S.),2010,108358
Virgin Islands (U.S.),2011,108292
Virgin Islands (U.S.),2012,108191
Virgin Islands (U.S.),2013,108044
Virgin Islands (U.S.),2014,107884
Virgin Islands (U.S.),2015,107710
Virgin Islands (U.S.),2016,107510
Virgin Islands (U.S.),2017,107268
Virgin Islands (U.S.),2018,106977
West Bank and Gaza,2010,3786161
West Bank and Gaza,2011,3882986
West Bank and Gaza,2012,3979998
West Bank and Gaza,2013,4076708
West Bank and Gaza,2014,4173398
West Bank and Gaza,2015,4270092
West Bank and Gaza,2016,4367088
West Bank and Gaza,2017,4454805
West Bank and Gaza,2018,4569087
"Yemen, Rep.",2010,23154855
"Yemen, Rep.",2011,23807588
"Yemen, Rep.",2012,24473178
"Yemen, Rep.",2013,25147109
"Yemen, Rep.",2014,25823485
"Yemen, Rep.",2015,26497889
"Yemen, Rep.",2016,27168210
"Yemen, Rep.",2017,27834821
"Yemen, Rep.",2018,28498687
Zambia,2010,13605984
Zambia,2011,14023193
Zambia,2012,14465121
Zambia,2013,14926504
Zambia,2014,15399753
Zambia,2015,15879361
Zambia,2016,16363507
Zambia,2017,16853688
Zambia,2018,17351822
Zimbabwe,2010,12697723
Zimbabwe,2011,12894316
Zimbabwe,2012,13115131
Zimbabwe,2013,13350356
Zimbabwe,2014,13586681
Zimbabwe,2015,13814629
Zimbabwe,2016,14030390
Zimbabwe,2017,14236745
Zimbabwe,2018,14439018
